comunidad|provincia|municipio|partido|votos|porcentaje
andalucia|cordoba|Adamuz|FO|0|0
andalucia|cordoba|Adamuz|AGRUPACIÓN DE ELECTORES SE ACABÓ LA FIESTA|47|2.84
andalucia|cordoba|Adamuz|IZQESP|0|0
andalucia|cordoba|Adamuz|PP|705|42.64
andalucia|cordoba|Adamuz|PSOE|615|37.2
andalucia|cordoba|Adamuz|VOX|111|6.71
andalucia|cordoba|Adamuz|SUMAR|119|7.19
andalucia|cordoba|Adamuz|PODEMOS|20|1.2
andalucia|cordoba|Aguilar de la Frontera|FO|12|0.28
andalucia|cordoba|Aguilar de la Frontera|AGRUPACIÓN DE ELECTORES SE ACABÓ LA FIESTA|151|3.6
andalucia|cordoba|Aguilar de la Frontera|IZQESP|3|0.07
andalucia|cordoba|Aguilar de la Frontera|PP|1.383|33.03
andalucia|cordoba|Aguilar de la Frontera|PSOE|1.849|44.17
andalucia|cordoba|Aguilar de la Frontera|VOX|289|6.9
andalucia|cordoba|Aguilar de la Frontera|SUMAR|316|7.54
andalucia|cordoba|Aguilar de la Frontera|PODEMOS|49|1.17
andalucia|cordoba|Alcaracejos|FO|0|0
andalucia|cordoba|Alcaracejos|AGRUPACIÓN DE ELECTORES SE ACABÓ LA FIESTA|19|2.8
andalucia|cordoba|Alcaracejos|IZQESP|0|0
andalucia|cordoba|Alcaracejos|PP|299|44.16
andalucia|cordoba|Alcaracejos|PSOE|273|40.32
andalucia|cordoba|Alcaracejos|VOX|44|6.49
andalucia|cordoba|Alcaracejos|SUMAR|13|1.92
andalucia|cordoba|Alcaracejos|PODEMOS|10|1.47
andalucia|cordoba|Almedinilla|FO|0|0
andalucia|cordoba|Almedinilla|AGRUPACIÓN DE ELECTORES SE ACABÓ LA FIESTA|34|3.36
andalucia|cordoba|Almedinilla|IZQESP|0|0
andalucia|cordoba|Almedinilla|PP|431|42.71
andalucia|cordoba|Almedinilla|PSOE|398|39.44
andalucia|cordoba|Almedinilla|VOX|100|9.91
andalucia|cordoba|Almedinilla|SUMAR|10|0.99
andalucia|cordoba|Almedinilla|PODEMOS|10|0.99
andalucia|cordoba|Almodóvar del Río|FO|3|0.12
andalucia|cordoba|Almodóvar del Río|AGRUPACIÓN DE ELECTORES SE ACABÓ LA FIESTA|103|4.2
andalucia|cordoba|Almodóvar del Río|IZQESP|7|0.28
andalucia|cordoba|Almodóvar del Río|PP|682|27.84
andalucia|cordoba|Almodóvar del Río|PSOE|884|36.09
andalucia|cordoba|Almodóvar del Río|VOX|210|8.57
andalucia|cordoba|Almodóvar del Río|SUMAR|361|14.74
andalucia|cordoba|Almodóvar del Río|PODEMOS|88|3.59
andalucia|cordoba|Añora|FO|1|0.11
andalucia|cordoba|Añora|AGRUPACIÓN DE ELECTORES SE ACABÓ LA FIESTA|11|1.26
andalucia|cordoba|Añora|IZQESP|0|0
andalucia|cordoba|Añora|PP|435|49.94
andalucia|cordoba|Añora|PSOE|262|30.08
andalucia|cordoba|Añora|VOX|70|8.03
andalucia|cordoba|Añora|SUMAR|75|8.61
andalucia|cordoba|Añora|PODEMOS|5|0.57
andalucia|cordoba|Baena|FO|14|0.2
andalucia|cordoba|Baena|AGRUPACIÓN DE ELECTORES SE ACABÓ LA FIESTA|411|6.14
andalucia|cordoba|Baena|IZQESP|20|0.29
andalucia|cordoba|Baena|PP|2.549|38.14
andalucia|cordoba|Baena|PSOE|2.295|34.34
andalucia|cordoba|Baena|VOX|794|11.88
andalucia|cordoba|Baena|SUMAR|259|3.87
andalucia|cordoba|Baena|PODEMOS|102|1.52
andalucia|cordoba|Belalcázar|FO|4|0.33
andalucia|cordoba|Belalcázar|AGRUPACIÓN DE ELECTORES SE ACABÓ LA FIESTA|36|3.05
andalucia|cordoba|Belalcázar|IZQESP|0|0
andalucia|cordoba|Belalcázar|PP|491|41.71
andalucia|cordoba|Belalcázar|PSOE|429|36.44
andalucia|cordoba|Belalcázar|VOX|141|11.97
andalucia|cordoba|Belalcázar|SUMAR|24|2.03
andalucia|cordoba|Belalcázar|PODEMOS|8|0.67
andalucia|cordoba|Belmez|FO|5|0.48
andalucia|cordoba|Belmez|AGRUPACIÓN DE ELECTORES SE ACABÓ LA FIESTA|29|2.8
andalucia|cordoba|Belmez|IZQESP|3|0.29
andalucia|cordoba|Belmez|PP|381|36.84
andalucia|cordoba|Belmez|PSOE|431|41.68
andalucia|cordoba|Belmez|VOX|97|9.38
andalucia|cordoba|Belmez|SUMAR|30|2.9
andalucia|cordoba|Belmez|PODEMOS|23|2.22
andalucia|cordoba|Benamejí|FO|1|0.05
andalucia|cordoba|Benamejí|AGRUPACIÓN DE ELECTORES SE ACABÓ LA FIESTA|59|3.21
andalucia|cordoba|Benamejí|IZQESP|1|0.05
andalucia|cordoba|Benamejí|PP|626|34.09
andalucia|cordoba|Benamejí|PSOE|828|45.09
andalucia|cordoba|Benamejí|VOX|181|9.85
andalucia|cordoba|Benamejí|SUMAR|79|4.3
andalucia|cordoba|Benamejí|PODEMOS|15|0.81
andalucia|cordoba|Bujalance|FO|1|0.03
andalucia|cordoba|Bujalance|AGRUPACIÓN DE ELECTORES SE ACABÓ LA FIESTA|46|1.8
andalucia|cordoba|Bujalance|IZQESP|1|0.03
andalucia|cordoba|Bujalance|PP|912|35.8
andalucia|cordoba|Bujalance|PSOE|1.158|45.46
andalucia|cordoba|Bujalance|VOX|196|7.69
andalucia|cordoba|Bujalance|SUMAR|137|5.37
andalucia|cordoba|Bujalance|PODEMOS|36|1.41
andalucia|cordoba|Cabra|FO|26|0.33
andalucia|cordoba|Cabra|AGRUPACIÓN DE ELECTORES SE ACABÓ LA FIESTA|510|6.6
andalucia|cordoba|Cabra|IZQESP|7|0.09
andalucia|cordoba|Cabra|PP|3.102|40.18
andalucia|cordoba|Cabra|PSOE|2.433|31.51
andalucia|cordoba|Cabra|VOX|874|11.32
andalucia|cordoba|Cabra|SUMAR|241|3.12
andalucia|cordoba|Cabra|PODEMOS|201|2.6
andalucia|cordoba|Cañete de las Torres|FO|3|0.21
andalucia|cordoba|Cañete de las Torres|AGRUPACIÓN DE ELECTORES SE ACABÓ LA FIESTA|58|4.19
andalucia|cordoba|Cañete de las Torres|IZQESP|5|0.36
andalucia|cordoba|Cañete de las Torres|PP|479|34.6
andalucia|cordoba|Cañete de las Torres|PSOE|556|40.17
andalucia|cordoba|Cañete de las Torres|VOX|109|7.87
andalucia|cordoba|Cañete de las Torres|SUMAR|94|6.79
andalucia|cordoba|Cañete de las Torres|PODEMOS|18|1.3
andalucia|cordoba|Carcabuey|FO|2|0.19
andalucia|cordoba|Carcabuey|AGRUPACIÓN DE ELECTORES SE ACABÓ LA FIESTA|60|5.98
andalucia|cordoba|Carcabuey|IZQESP|7|0.69
andalucia|cordoba|Carcabuey|PP|369|36.82
andalucia|cordoba|Carcabuey|PSOE|296|29.54
andalucia|cordoba|Carcabuey|VOX|92|9.18
andalucia|cordoba|Carcabuey|SUMAR|135|13.47
andalucia|cordoba|Carcabuey|PODEMOS|18|1.79
andalucia|cordoba|Cardeña|FO|1|0.18
andalucia|cordoba|Cardeña|AGRUPACIÓN DE ELECTORES SE ACABÓ LA FIESTA|5|0.91
andalucia|cordoba|Cardeña|IZQESP|0|0
andalucia|cordoba|Cardeña|PP|208|38.23
andalucia|cordoba|Cardeña|PSOE|253|46.5
andalucia|cordoba|Cardeña|VOX|31|5.69
andalucia|cordoba|Cardeña|SUMAR|31|5.69
andalucia|cordoba|Cardeña|PODEMOS|11|2.02
andalucia|cordoba|Castro del Río|FO|14|0.41
andalucia|cordoba|Castro del Río|AGRUPACIÓN DE ELECTORES SE ACABÓ LA FIESTA|142|4.21
andalucia|cordoba|Castro del Río|IZQESP|3|0.08
andalucia|cordoba|Castro del Río|PP|982|29.16
andalucia|cordoba|Castro del Río|PSOE|1.399|41.55
andalucia|cordoba|Castro del Río|VOX|244|7.24
andalucia|cordoba|Castro del Río|SUMAR|399|11.85
andalucia|cordoba|Castro del Río|PODEMOS|53|1.57
andalucia|cordoba|Conquista|FO|0|0
andalucia|cordoba|Conquista|AGRUPACIÓN DE ELECTORES SE ACABÓ LA FIESTA|5|2.77
andalucia|cordoba|Conquista|IZQESP|0|0
andalucia|cordoba|Conquista|PP|43|23.88
andalucia|cordoba|Conquista|PSOE|102|56.66
andalucia|cordoba|Conquista|VOX|18|10
andalucia|cordoba|Conquista|SUMAR|7|3.88
andalucia|cordoba|Conquista|PODEMOS|0|0
andalucia|cordoba|Córdoba|FO|375|0.28
andalucia|cordoba|Córdoba|AGRUPACIÓN DE ELECTORES SE ACABÓ LA FIESTA|7.665|5.92
andalucia|cordoba|Córdoba|IZQESP|297|0.22
andalucia|cordoba|Córdoba|PP|55.293|42.7
andalucia|cordoba|Córdoba|PSOE|32.811|25.34
andalucia|cordoba|Córdoba|VOX|14.606|11.28
andalucia|cordoba|Córdoba|SUMAR|8.190|6.32
andalucia|cordoba|Córdoba|PODEMOS|4.694|3.62
andalucia|cordoba|Doña Mencía|FO|4|0.21
andalucia|cordoba|Doña Mencía|AGRUPACIÓN DE ELECTORES SE ACABÓ LA FIESTA|60|3.19
andalucia|cordoba|Doña Mencía|IZQESP|2|0.1
andalucia|cordoba|Doña Mencía|PP|354|18.85
andalucia|cordoba|Doña Mencía|PSOE|729|38.83
andalucia|cordoba|Doña Mencía|VOX|70|3.72
andalucia|cordoba|Doña Mencía|SUMAR|554|29.51
andalucia|cordoba|Doña Mencía|PODEMOS|63|3.35
andalucia|cordoba|Dos Torres|FO|0|0
andalucia|cordoba|Dos Torres|AGRUPACIÓN DE ELECTORES SE ACABÓ LA FIESTA|15|1.2
andalucia|cordoba|Dos Torres|IZQESP|0|0
andalucia|cordoba|Dos Torres|PP|620|49.71
andalucia|cordoba|Dos Torres|PSOE|413|33.11
andalucia|cordoba|Dos Torres|VOX|143|11.46
andalucia|cordoba|Dos Torres|SUMAR|20|1.6
andalucia|cordoba|Dos Torres|PODEMOS|8|0.64
andalucia|cordoba|El Carpio|FO|3|0.17
andalucia|cordoba|El Carpio|AGRUPACIÓN DE ELECTORES SE ACABÓ LA FIESTA|101|5.78
andalucia|cordoba|El Carpio|IZQESP|8|0.45
andalucia|cordoba|El Carpio|PP|731|41.84
andalucia|cordoba|El Carpio|PSOE|478|27.36
andalucia|cordoba|El Carpio|VOX|197|11.27
andalucia|cordoba|El Carpio|SUMAR|137|7.84
andalucia|cordoba|El Carpio|PODEMOS|38|2.17
andalucia|cordoba|El Guijo|FO|1|0.55
andalucia|cordoba|El Guijo|AGRUPACIÓN DE ELECTORES SE ACABÓ LA FIESTA|3|1.66
andalucia|cordoba|El Guijo|IZQESP|0|0
andalucia|cordoba|El Guijo|PP|91|50.55
andalucia|cordoba|El Guijo|PSOE|62|34.44
andalucia|cordoba|El Guijo|VOX|16|8.88
andalucia|cordoba|El Guijo|SUMAR|2|1.11
andalucia|cordoba|El Guijo|PODEMOS|1|0.55
andalucia|cordoba|El Viso|FO|0|0
andalucia|cordoba|El Viso|AGRUPACIÓN DE ELECTORES SE ACABÓ LA FIESTA|34|2.88
andalucia|cordoba|El Viso|IZQESP|0|0
andalucia|cordoba|El Viso|PP|429|36.35
andalucia|cordoba|El Viso|PSOE|572|48.47
andalucia|cordoba|El Viso|VOX|52|4.4
andalucia|cordoba|El Viso|SUMAR|46|3.89
andalucia|cordoba|El Viso|PODEMOS|12|1.01
andalucia|cordoba|Encinas Reales|FO|1|0.1
andalucia|cordoba|Encinas Reales|AGRUPACIÓN DE ELECTORES SE ACABÓ LA FIESTA|39|3.95
andalucia|cordoba|Encinas Reales|IZQESP|1|0.1
andalucia|cordoba|Encinas Reales|PP|369|37.38
andalucia|cordoba|Encinas Reales|PSOE|375|37.99
andalucia|cordoba|Encinas Reales|VOX|102|10.33
andalucia|cordoba|Encinas Reales|SUMAR|41|4.15
andalucia|cordoba|Encinas Reales|PODEMOS|17|1.72
andalucia|cordoba|Espejo|FO|3|0.18
andalucia|cordoba|Espejo|AGRUPACIÓN DE ELECTORES SE ACABÓ LA FIESTA|32|1.98
andalucia|cordoba|Espejo|IZQESP|0|0
andalucia|cordoba|Espejo|PP|370|22.96
andalucia|cordoba|Espejo|PSOE|654|40.59
andalucia|cordoba|Espejo|VOX|55|3.41
andalucia|cordoba|Espejo|SUMAR|443|27.49
andalucia|cordoba|Espejo|PODEMOS|18|1.11
andalucia|cordoba|Espiel|FO|3|0.39
andalucia|cordoba|Espiel|AGRUPACIÓN DE ELECTORES SE ACABÓ LA FIESTA|28|3.68
andalucia|cordoba|Espiel|IZQESP|0|0
andalucia|cordoba|Espiel|PP|340|44.79
andalucia|cordoba|Espiel|PSOE|281|37.02
andalucia|cordoba|Espiel|VOX|55|7.24
andalucia|cordoba|Espiel|SUMAR|18|2.37
andalucia|cordoba|Espiel|PODEMOS|12|1.58
andalucia|cordoba|Fernán-Núñez|FO|8|0.2
andalucia|cordoba|Fernán-Núñez|AGRUPACIÓN DE ELECTORES SE ACABÓ LA FIESTA|200|5.06
andalucia|cordoba|Fernán-Núñez|IZQESP|6|0.15
andalucia|cordoba|Fernán-Núñez|PP|1.204|30.47
andalucia|cordoba|Fernán-Núñez|PSOE|1.390|35.18
andalucia|cordoba|Fernán-Núñez|VOX|229|5.79
andalucia|cordoba|Fernán-Núñez|SUMAR|579|14.65
andalucia|cordoba|Fernán-Núñez|PODEMOS|140|3.54
andalucia|cordoba|Fuente-Tójar|FO|2|0.54
andalucia|cordoba|Fuente-Tójar|AGRUPACIÓN DE ELECTORES SE ACABÓ LA FIESTA|6|1.62
andalucia|cordoba|Fuente-Tójar|IZQESP|0|0
andalucia|cordoba|Fuente-Tójar|PP|110|29.72
andalucia|cordoba|Fuente-Tójar|PSOE|154|41.62
andalucia|cordoba|Fuente-Tójar|VOX|77|20.81
andalucia|cordoba|Fuente-Tójar|SUMAR|5|1.35
andalucia|cordoba|Fuente-Tójar|PODEMOS|5|1.35
andalucia|cordoba|Fuente Carreteros|FO|4|0.76
andalucia|cordoba|Fuente Carreteros|AGRUPACIÓN DE ELECTORES SE ACABÓ LA FIESTA|7|1.33
andalucia|cordoba|Fuente Carreteros|IZQESP|0|0
andalucia|cordoba|Fuente Carreteros|PP|57|10.87
andalucia|cordoba|Fuente Carreteros|PSOE|313|59.73
andalucia|cordoba|Fuente Carreteros|VOX|25|4.77
andalucia|cordoba|Fuente Carreteros|SUMAR|94|17.93
andalucia|cordoba|Fuente Carreteros|PODEMOS|16|3.05
andalucia|cordoba|Fuente la Lancha|FO|0|0
andalucia|cordoba|Fuente la Lancha|AGRUPACIÓN DE ELECTORES SE ACABÓ LA FIESTA|3|1.64
andalucia|cordoba|Fuente la Lancha|IZQESP|0|0
andalucia|cordoba|Fuente la Lancha|PP|94|51.64
andalucia|cordoba|Fuente la Lancha|PSOE|72|39.56
andalucia|cordoba|Fuente la Lancha|VOX|13|7.14
andalucia|cordoba|Fuente la Lancha|SUMAR|0|0
andalucia|cordoba|Fuente la Lancha|PODEMOS|0|0
andalucia|cordoba|Fuente Obejuna|FO|5|0.25
andalucia|cordoba|Fuente Obejuna|AGRUPACIÓN DE ELECTORES SE ACABÓ LA FIESTA|54|2.73
andalucia|cordoba|Fuente Obejuna|IZQESP|1|0.05
andalucia|cordoba|Fuente Obejuna|PP|754|38.17
andalucia|cordoba|Fuente Obejuna|PSOE|850|43.03
andalucia|cordoba|Fuente Obejuna|VOX|178|9.01
andalucia|cordoba|Fuente Obejuna|SUMAR|52|2.63
andalucia|cordoba|Fuente Obejuna|PODEMOS|23|1.16
andalucia|cordoba|Fuente Palmera|FO|11|0.28
andalucia|cordoba|Fuente Palmera|AGRUPACIÓN DE ELECTORES SE ACABÓ LA FIESTA|309|8.13
andalucia|cordoba|Fuente Palmera|IZQESP|9|0.23
andalucia|cordoba|Fuente Palmera|PP|1.056|27.8
andalucia|cordoba|Fuente Palmera|PSOE|1.423|37.46
andalucia|cordoba|Fuente Palmera|VOX|315|8.29
andalucia|cordoba|Fuente Palmera|SUMAR|480|12.63
andalucia|cordoba|Fuente Palmera|PODEMOS|56|1.47
andalucia|cordoba|Guadalcázar|FO|3|0.56
andalucia|cordoba|Guadalcázar|AGRUPACIÓN DE ELECTORES SE ACABÓ LA FIESTA|26|4.86
andalucia|cordoba|Guadalcázar|IZQESP|1|0.18
andalucia|cordoba|Guadalcázar|PP|164|30.71
andalucia|cordoba|Guadalcázar|PSOE|248|46.44
andalucia|cordoba|Guadalcázar|VOX|40|7.49
andalucia|cordoba|Guadalcázar|SUMAR|3|0.56
andalucia|cordoba|Guadalcázar|PODEMOS|23|4.3
andalucia|cordoba|Hinojosa del Duque|FO|8|0.29
andalucia|cordoba|Hinojosa del Duque|AGRUPACIÓN DE ELECTORES SE ACABÓ LA FIESTA|70|2.6
andalucia|cordoba|Hinojosa del Duque|IZQESP|1|0.03
andalucia|cordoba|Hinojosa del Duque|PP|1.276|47.48
andalucia|cordoba|Hinojosa del Duque|PSOE|881|32.78
andalucia|cordoba|Hinojosa del Duque|VOX|298|11.09
andalucia|cordoba|Hinojosa del Duque|SUMAR|57|2.12
andalucia|cordoba|Hinojosa del Duque|PODEMOS|16|0.59
andalucia|cordoba|Hornachuelos|FO|5|0.32
andalucia|cordoba|Hornachuelos|AGRUPACIÓN DE ELECTORES SE ACABÓ LA FIESTA|92|5.89
andalucia|cordoba|Hornachuelos|IZQESP|5|0.32
andalucia|cordoba|Hornachuelos|PP|454|29.1
andalucia|cordoba|Hornachuelos|PSOE|653|41.85
andalucia|cordoba|Hornachuelos|VOX|165|10.57
andalucia|cordoba|Hornachuelos|SUMAR|89|5.7
andalucia|cordoba|Hornachuelos|PODEMOS|38|2.43
andalucia|cordoba|Iznájar|FO|2|0.14
andalucia|cordoba|Iznájar|AGRUPACIÓN DE ELECTORES SE ACABÓ LA FIESTA|64|4.62
andalucia|cordoba|Iznájar|IZQESP|1|0.07
andalucia|cordoba|Iznájar|PP|538|38.9
andalucia|cordoba|Iznájar|PSOE|541|39.11
andalucia|cordoba|Iznájar|VOX|164|11.85
andalucia|cordoba|Iznájar|SUMAR|30|2.16
andalucia|cordoba|Iznájar|PODEMOS|10|0.72
andalucia|cordoba|La Carlota|FO|23|0.43
andalucia|cordoba|La Carlota|AGRUPACIÓN DE ELECTORES SE ACABÓ LA FIESTA|364|6.82
andalucia|cordoba|La Carlota|IZQESP|12|0.22
andalucia|cordoba|La Carlota|PP|1.811|33.97
andalucia|cordoba|La Carlota|PSOE|2.057|38.59
andalucia|cordoba|La Carlota|VOX|629|11.8
andalucia|cordoba|La Carlota|SUMAR|174|3.26
andalucia|cordoba|La Carlota|PODEMOS|85|1.59
andalucia|cordoba|La Granjuela|FO|0|0
andalucia|cordoba|La Granjuela|AGRUPACIÓN DE ELECTORES SE ACABÓ LA FIESTA|11|4.56
andalucia|cordoba|La Granjuela|IZQESP|1|0.41
andalucia|cordoba|La Granjuela|PP|103|42.73
andalucia|cordoba|La Granjuela|PSOE|91|37.75
andalucia|cordoba|La Granjuela|VOX|27|11.2
andalucia|cordoba|La Granjuela|SUMAR|0|0
andalucia|cordoba|La Granjuela|PODEMOS|1|0.41
andalucia|cordoba|La Guijarrosa|FO|1|0.19
andalucia|cordoba|La Guijarrosa|AGRUPACIÓN DE ELECTORES SE ACABÓ LA FIESTA|34|6.52
andalucia|cordoba|La Guijarrosa|IZQESP|1|0.19
andalucia|cordoba|La Guijarrosa|PP|146|28.02
andalucia|cordoba|La Guijarrosa|PSOE|241|46.25
andalucia|cordoba|La Guijarrosa|VOX|43|8.25
andalucia|cordoba|La Guijarrosa|SUMAR|27|5.18
andalucia|cordoba|La Guijarrosa|PODEMOS|6|1.15
andalucia|cordoba|La Rambla|FO|6|0.17
andalucia|cordoba|La Rambla|AGRUPACIÓN DE ELECTORES SE ACABÓ LA FIESTA|174|5.09
andalucia|cordoba|La Rambla|IZQESP|7|0.2
andalucia|cordoba|La Rambla|PP|1.163|34.05
andalucia|cordoba|La Rambla|PSOE|1.233|36.1
andalucia|cordoba|La Rambla|VOX|221|6.47
andalucia|cordoba|La Rambla|SUMAR|415|12.15
andalucia|cordoba|La Rambla|PODEMOS|54|1.58
andalucia|cordoba|La Victoria|FO|1|0.09
andalucia|cordoba|La Victoria|AGRUPACIÓN DE ELECTORES SE ACABÓ LA FIESTA|55|5.45
andalucia|cordoba|La Victoria|IZQESP|2|0.19
andalucia|cordoba|La Victoria|PP|414|41.07
andalucia|cordoba|La Victoria|PSOE|354|35.11
andalucia|cordoba|La Victoria|VOX|67|6.64
andalucia|cordoba|La Victoria|SUMAR|55|5.45
andalucia|cordoba|La Victoria|PODEMOS|28|2.77
andalucia|cordoba|Los Blázquez|FO|0|0
andalucia|cordoba|Los Blázquez|AGRUPACIÓN DE ELECTORES SE ACABÓ LA FIESTA|8|2.51
andalucia|cordoba|Los Blázquez|IZQESP|0|0
andalucia|cordoba|Los Blázquez|PP|127|39.93
andalucia|cordoba|Los Blázquez|PSOE|141|44.33
andalucia|cordoba|Los Blázquez|VOX|23|7.23
andalucia|cordoba|Los Blázquez|SUMAR|11|3.45
andalucia|cordoba|Los Blázquez|PODEMOS|0|0
andalucia|cordoba|Lucena|FO|56|0.37
andalucia|cordoba|Lucena|AGRUPACIÓN DE ELECTORES SE ACABÓ LA FIESTA|967|6.51
andalucia|cordoba|Lucena|IZQESP|29|0.19
andalucia|cordoba|Lucena|PP|6.807|45.87
andalucia|cordoba|Lucena|PSOE|3.788|25.52
andalucia|cordoba|Lucena|VOX|1.784|12.02
andalucia|cordoba|Lucena|SUMAR|441|2.97
andalucia|cordoba|Lucena|PODEMOS|256|1.72
andalucia|cordoba|Luque|FO|2|0.15
andalucia|cordoba|Luque|AGRUPACIÓN DE ELECTORES SE ACABÓ LA FIESTA|34|2.68
andalucia|cordoba|Luque|IZQESP|1|0.07
andalucia|cordoba|Luque|PP|508|40.15
andalucia|cordoba|Luque|PSOE|534|42.21
andalucia|cordoba|Luque|VOX|87|6.87
andalucia|cordoba|Luque|SUMAR|33|2.6
andalucia|cordoba|Luque|PODEMOS|28|2.21
andalucia|cordoba|Montalbán de Córdoba|FO|6|0.29
andalucia|cordoba|Montalbán de Córdoba|AGRUPACIÓN DE ELECTORES SE ACABÓ LA FIESTA|72|3.59
andalucia|cordoba|Montalbán de Córdoba|IZQESP|6|0.29
andalucia|cordoba|Montalbán de Córdoba|PP|507|25.35
andalucia|cordoba|Montalbán de Córdoba|PSOE|464|23.2
andalucia|cordoba|Montalbán de Córdoba|VOX|104|5.2
andalucia|cordoba|Montalbán de Córdoba|SUMAR|700|35
andalucia|cordoba|Montalbán de Córdoba|PODEMOS|71|3.54
andalucia|cordoba|Montemayor|FO|9|0.74
andalucia|cordoba|Montemayor|AGRUPACIÓN DE ELECTORES SE ACABÓ LA FIESTA|84|6.93
andalucia|cordoba|Montemayor|IZQESP|3|0.24
andalucia|cordoba|Montemayor|PP|329|27.16
andalucia|cordoba|Montemayor|PSOE|397|32.78
andalucia|cordoba|Montemayor|VOX|80|6.6
andalucia|cordoba|Montemayor|SUMAR|222|18.33
andalucia|cordoba|Montemayor|PODEMOS|28|2.31
andalucia|cordoba|Montilla|FO|39|0.41
andalucia|cordoba|Montilla|AGRUPACIÓN DE ELECTORES SE ACABÓ LA FIESTA|370|3.95
andalucia|cordoba|Montilla|IZQESP|25|0.26
andalucia|cordoba|Montilla|PP|3.283|35.06
andalucia|cordoba|Montilla|PSOE|3.481|37.18
andalucia|cordoba|Montilla|VOX|619|6.61
andalucia|cordoba|Montilla|SUMAR|882|9.42
andalucia|cordoba|Montilla|PODEMOS|193|2.06
andalucia|cordoba|Montoro|FO|8|0.23
andalucia|cordoba|Montoro|AGRUPACIÓN DE ELECTORES SE ACABÓ LA FIESTA|152|4.42
andalucia|cordoba|Montoro|IZQESP|5|0.14
andalucia|cordoba|Montoro|PP|1.236|35.96
andalucia|cordoba|Montoro|PSOE|1.402|40.79
andalucia|cordoba|Montoro|VOX|279|8.11
andalucia|cordoba|Montoro|SUMAR|180|5.23
andalucia|cordoba|Montoro|PODEMOS|29|0.84
andalucia|cordoba|Monturque|FO|1|0.13
andalucia|cordoba|Monturque|AGRUPACIÓN DE ELECTORES SE ACABÓ LA FIESTA|64|8.43
andalucia|cordoba|Monturque|IZQESP|0|0
andalucia|cordoba|Monturque|PP|222|29.24
andalucia|cordoba|Monturque|PSOE|351|46.24
andalucia|cordoba|Monturque|VOX|68|8.95
andalucia|cordoba|Monturque|SUMAR|15|1.97
andalucia|cordoba|Monturque|PODEMOS|3|0.39
andalucia|cordoba|Moriles|FO|6|0.4
andalucia|cordoba|Moriles|AGRUPACIÓN DE ELECTORES SE ACABÓ LA FIESTA|62|4.21
andalucia|cordoba|Moriles|IZQESP|1|0.06
andalucia|cordoba|Moriles|PP|582|39.53
andalucia|cordoba|Moriles|PSOE|655|44.49
andalucia|cordoba|Moriles|VOX|98|6.65
andalucia|cordoba|Moriles|SUMAR|21|1.42
andalucia|cordoba|Moriles|PODEMOS|8|0.54
andalucia|cordoba|Nueva Carteya|FO|3|0.16
andalucia|cordoba|Nueva Carteya|AGRUPACIÓN DE ELECTORES SE ACABÓ LA FIESTA|79|4.35
andalucia|cordoba|Nueva Carteya|IZQESP|0|0
andalucia|cordoba|Nueva Carteya|PP|337|18.56
andalucia|cordoba|Nueva Carteya|PSOE|631|34.76
andalucia|cordoba|Nueva Carteya|VOX|119|6.55
andalucia|cordoba|Nueva Carteya|SUMAR|553|30.46
andalucia|cordoba|Nueva Carteya|PODEMOS|34|1.87
andalucia|cordoba|Obejo|FO|4|0.51
andalucia|cordoba|Obejo|AGRUPACIÓN DE ELECTORES SE ACABÓ LA FIESTA|61|7.78
andalucia|cordoba|Obejo|IZQESP|1|0.12
andalucia|cordoba|Obejo|PP|267|34.05
andalucia|cordoba|Obejo|PSOE|263|33.54
andalucia|cordoba|Obejo|VOX|100|12.75
andalucia|cordoba|Obejo|SUMAR|30|3.82
andalucia|cordoba|Obejo|PODEMOS|23|2.93
andalucia|cordoba|Palenciana|FO|1|0.16
andalucia|cordoba|Palenciana|AGRUPACIÓN DE ELECTORES SE ACABÓ LA FIESTA|32|5.15
andalucia|cordoba|Palenciana|IZQESP|1|0.16
andalucia|cordoba|Palenciana|PP|228|36.71
andalucia|cordoba|Palenciana|PSOE|281|45.24
andalucia|cordoba|Palenciana|VOX|42|6.76
andalucia|cordoba|Palenciana|SUMAR|18|2.89
andalucia|cordoba|Palenciana|PODEMOS|6|0.96
andalucia|cordoba|Palma del Río|FO|26|0.33
andalucia|cordoba|Palma del Río|AGRUPACIÓN DE ELECTORES SE ACABÓ LA FIESTA|360|4.62
andalucia|cordoba|Palma del Río|IZQESP|7|0.08
andalucia|cordoba|Palma del Río|PP|2.944|37.82
andalucia|cordoba|Palma del Río|PSOE|2.917|37.47
andalucia|cordoba|Palma del Río|VOX|656|8.42
andalucia|cordoba|Palma del Río|SUMAR|441|5.66
andalucia|cordoba|Palma del Río|PODEMOS|146|1.87
andalucia|cordoba|Pedro Abad|FO|3|0.25
andalucia|cordoba|Pedro Abad|AGRUPACIÓN DE ELECTORES SE ACABÓ LA FIESTA|27|2.26
andalucia|cordoba|Pedro Abad|IZQESP|0|0
andalucia|cordoba|Pedro Abad|PP|443|37.16
andalucia|cordoba|Pedro Abad|PSOE|427|35.82
andalucia|cordoba|Pedro Abad|VOX|91|7.63
andalucia|cordoba|Pedro Abad|SUMAR|146|12.24
andalucia|cordoba|Pedro Abad|PODEMOS|31|2.6
andalucia|cordoba|Pedroche|FO|4|0.58
andalucia|cordoba|Pedroche|AGRUPACIÓN DE ELECTORES SE ACABÓ LA FIESTA|12|1.76
andalucia|cordoba|Pedroche|IZQESP|0|0
andalucia|cordoba|Pedroche|PP|283|41.74
andalucia|cordoba|Pedroche|PSOE|286|42.18
andalucia|cordoba|Pedroche|VOX|59|8.7
andalucia|cordoba|Pedroche|SUMAR|10|1.47
andalucia|cordoba|Pedroche|PODEMOS|7|1.03
andalucia|cordoba|Peñarroya-Pueblonuevo|FO|8|0.24
andalucia|cordoba|Peñarroya-Pueblonuevo|AGRUPACIÓN DE ELECTORES SE ACABÓ LA FIESTA|144|4.32
andalucia|cordoba|Peñarroya-Pueblonuevo|IZQESP|6|0.18
andalucia|cordoba|Peñarroya-Pueblonuevo|PP|1.217|36.59
andalucia|cordoba|Peñarroya-Pueblonuevo|PSOE|1.287|38.69
andalucia|cordoba|Peñarroya-Pueblonuevo|VOX|393|11.81
andalucia|cordoba|Peñarroya-Pueblonuevo|SUMAR|136|4.08
andalucia|cordoba|Peñarroya-Pueblonuevo|PODEMOS|56|1.68
andalucia|cordoba|Posadas|FO|4|0.16
andalucia|cordoba|Posadas|AGRUPACIÓN DE ELECTORES SE ACABÓ LA FIESTA|124|5.14
andalucia|cordoba|Posadas|IZQESP|1|0.04
andalucia|cordoba|Posadas|PP|785|32.55
andalucia|cordoba|Posadas|PSOE|1.021|42.34
andalucia|cordoba|Posadas|VOX|167|6.92
andalucia|cordoba|Posadas|SUMAR|161|6.67
andalucia|cordoba|Posadas|PODEMOS|58|2.4
andalucia|cordoba|Pozoblanco|FO|14|0.18
andalucia|cordoba|Pozoblanco|AGRUPACIÓN DE ELECTORES SE ACABÓ LA FIESTA|283|3.79
andalucia|cordoba|Pozoblanco|IZQESP|11|0.14
andalucia|cordoba|Pozoblanco|PP|3.432|45.97
andalucia|cordoba|Pozoblanco|PSOE|2.485|33.28
andalucia|cordoba|Pozoblanco|VOX|545|7.3
andalucia|cordoba|Pozoblanco|SUMAR|355|4.75
andalucia|cordoba|Pozoblanco|PODEMOS|88|1.17
andalucia|cordoba|Priego de Córdoba|FO|25|0.29
andalucia|cordoba|Priego de Córdoba|AGRUPACIÓN DE ELECTORES SE ACABÓ LA FIESTA|664|7.92
andalucia|cordoba|Priego de Córdoba|IZQESP|14|0.16
andalucia|cordoba|Priego de Córdoba|PP|3.493|41.67
andalucia|cordoba|Priego de Córdoba|PSOE|2.351|28.04
andalucia|cordoba|Priego de Córdoba|VOX|1.048|12.5
andalucia|cordoba|Priego de Córdoba|SUMAR|221|2.63
andalucia|cordoba|Priego de Córdoba|PODEMOS|155|1.84
andalucia|cordoba|Puente Genil|FO|31|0.3
andalucia|cordoba|Puente Genil|AGRUPACIÓN DE ELECTORES SE ACABÓ LA FIESTA|677|6.64
andalucia|cordoba|Puente Genil|IZQESP|23|0.22
andalucia|cordoba|Puente Genil|PP|3.856|37.85
andalucia|cordoba|Puente Genil|PSOE|3.474|34.1
andalucia|cordoba|Puente Genil|VOX|1.215|11.92
andalucia|cordoba|Puente Genil|SUMAR|382|3.74
andalucia|cordoba|Puente Genil|PODEMOS|179|1.75
andalucia|cordoba|Rute|FO|21|0.62
andalucia|cordoba|Rute|AGRUPACIÓN DE ELECTORES SE ACABÓ LA FIESTA|105|3.11
andalucia|cordoba|Rute|IZQESP|4|0.11
andalucia|cordoba|Rute|PP|1.515|44.98
andalucia|cordoba|Rute|PSOE|1.065|31.62
andalucia|cordoba|Rute|VOX|323|9.59
andalucia|cordoba|Rute|SUMAR|127|3.77
andalucia|cordoba|Rute|PODEMOS|80|2.37
andalucia|cordoba|San Sebastián de los Ballesteros|FO|0|0
andalucia|cordoba|San Sebastián de los Ballesteros|AGRUPACIÓN DE ELECTORES SE ACABÓ LA FIESTA|30|7.24
andalucia|cordoba|San Sebastián de los Ballesteros|IZQESP|0|0
andalucia|cordoba|San Sebastián de los Ballesteros|PP|204|49.27
andalucia|cordoba|San Sebastián de los Ballesteros|PSOE|114|27.53
andalucia|cordoba|San Sebastián de los Ballesteros|VOX|43|10.38
andalucia|cordoba|San Sebastián de los Ballesteros|SUMAR|4|0.96
andalucia|cordoba|San Sebastián de los Ballesteros|PODEMOS|6|1.44
andalucia|cordoba|Santa Eufemia|FO|0|0
andalucia|cordoba|Santa Eufemia|AGRUPACIÓN DE ELECTORES SE ACABÓ LA FIESTA|1|0.27
andalucia|cordoba|Santa Eufemia|IZQESP|1|0.27
andalucia|cordoba|Santa Eufemia|PP|111|30
andalucia|cordoba|Santa Eufemia|PSOE|166|44.86
andalucia|cordoba|Santa Eufemia|VOX|44|11.89
andalucia|cordoba|Santa Eufemia|SUMAR|25|6.75
andalucia|cordoba|Santa Eufemia|PODEMOS|10|2.7
andalucia|cordoba|Santaella|FO|9|0.51
andalucia|cordoba|Santaella|AGRUPACIÓN DE ELECTORES SE ACABÓ LA FIESTA|125|7.19
andalucia|cordoba|Santaella|IZQESP|2|0.11
andalucia|cordoba|Santaella|PP|580|33.37
andalucia|cordoba|Santaella|PSOE|624|35.9
andalucia|cordoba|Santaella|VOX|219|12.6
andalucia|cordoba|Santaella|SUMAR|83|4.77
andalucia|cordoba|Santaella|PODEMOS|28|1.61
andalucia|cordoba|Torrecampo|FO|1|0.2
andalucia|cordoba|Torrecampo|AGRUPACIÓN DE ELECTORES SE ACABÓ LA FIESTA|12|2.5
andalucia|cordoba|Torrecampo|IZQESP|1|0.2
andalucia|cordoba|Torrecampo|PP|216|45
andalucia|cordoba|Torrecampo|PSOE|193|40.2
andalucia|cordoba|Torrecampo|VOX|30|6.25
andalucia|cordoba|Torrecampo|SUMAR|8|1.66
andalucia|cordoba|Torrecampo|PODEMOS|4|0.83
andalucia|cordoba|Valenzuela|FO|0|0
andalucia|cordoba|Valenzuela|AGRUPACIÓN DE ELECTORES SE ACABÓ LA FIESTA|15|2.91
andalucia|cordoba|Valenzuela|IZQESP|0|0
andalucia|cordoba|Valenzuela|PP|245|47.66
andalucia|cordoba|Valenzuela|PSOE|181|35.21
andalucia|cordoba|Valenzuela|VOX|53|10.31
andalucia|cordoba|Valenzuela|SUMAR|11|2.14
andalucia|cordoba|Valenzuela|PODEMOS|0|0
andalucia|cordoba|Valsequillo|FO|0|0
andalucia|cordoba|Valsequillo|AGRUPACIÓN DE ELECTORES SE ACABÓ LA FIESTA|3|1.62
andalucia|cordoba|Valsequillo|IZQESP|0|0
andalucia|cordoba|Valsequillo|PP|90|48.64
andalucia|cordoba|Valsequillo|PSOE|68|36.75
andalucia|cordoba|Valsequillo|VOX|23|12.43
andalucia|cordoba|Valsequillo|SUMAR|0|0
andalucia|cordoba|Valsequillo|PODEMOS|0|0
andalucia|cordoba|Villa del Río|FO|7|0.28
andalucia|cordoba|Villa del Río|AGRUPACIÓN DE ELECTORES SE ACABÓ LA FIESTA|76|3.08
andalucia|cordoba|Villa del Río|IZQESP|8|0.32
andalucia|cordoba|Villa del Río|PP|905|36.68
andalucia|cordoba|Villa del Río|PSOE|841|34.08
andalucia|cordoba|Villa del Río|VOX|177|7.17
andalucia|cordoba|Villa del Río|SUMAR|319|12.93
andalucia|cordoba|Villa del Río|PODEMOS|41|1.66
andalucia|cordoba|Villafranca de Córdoba|FO|0|0
andalucia|cordoba|Villafranca de Córdoba|AGRUPACIÓN DE ELECTORES SE ACABÓ LA FIESTA|113|5.8
andalucia|cordoba|Villafranca de Córdoba|IZQESP|5|0.25
andalucia|cordoba|Villafranca de Córdoba|PP|752|38.66
andalucia|cordoba|Villafranca de Córdoba|PSOE|593|30.48
andalucia|cordoba|Villafranca de Córdoba|VOX|249|12.8
andalucia|cordoba|Villafranca de Córdoba|SUMAR|131|6.73
andalucia|cordoba|Villafranca de Córdoba|PODEMOS|39|2
andalucia|cordoba|Villaharta|FO|0|0
andalucia|cordoba|Villaharta|AGRUPACIÓN DE ELECTORES SE ACABÓ LA FIESTA|12|3.92
andalucia|cordoba|Villaharta|IZQESP|0|0
andalucia|cordoba|Villaharta|PP|73|23.85
andalucia|cordoba|Villaharta|PSOE|176|57.51
andalucia|cordoba|Villaharta|VOX|17|5.55
andalucia|cordoba|Villaharta|SUMAR|10|3.26
andalucia|cordoba|Villaharta|PODEMOS|6|1.96
andalucia|cordoba|Villanueva de Córdoba|FO|6|0.18
andalucia|cordoba|Villanueva de Córdoba|AGRUPACIÓN DE ELECTORES SE ACABÓ LA FIESTA|67|2.02
andalucia|cordoba|Villanueva de Córdoba|IZQESP|3|0.09
andalucia|cordoba|Villanueva de Córdoba|PP|1.264|38.18
andalucia|cordoba|Villanueva de Córdoba|PSOE|1.588|47.97
andalucia|cordoba|Villanueva de Córdoba|VOX|191|5.77
andalucia|cordoba|Villanueva de Córdoba|SUMAR|97|2.93
andalucia|cordoba|Villanueva de Córdoba|PODEMOS|22|0.66
andalucia|cordoba|Villanueva del Duque|FO|0|0
andalucia|cordoba|Villanueva del Duque|AGRUPACIÓN DE ELECTORES SE ACABÓ LA FIESTA|14|2.38
andalucia|cordoba|Villanueva del Duque|IZQESP|0|0
andalucia|cordoba|Villanueva del Duque|PP|306|52.12
andalucia|cordoba|Villanueva del Duque|PSOE|192|32.7
andalucia|cordoba|Villanueva del Duque|VOX|48|8.17
andalucia|cordoba|Villanueva del Duque|SUMAR|11|1.87
andalucia|cordoba|Villanueva del Duque|PODEMOS|2|0.34
andalucia|cordoba|Villanueva del Rey|FO|0|0
andalucia|cordoba|Villanueva del Rey|AGRUPACIÓN DE ELECTORES SE ACABÓ LA FIESTA|18|5.3
andalucia|cordoba|Villanueva del Rey|IZQESP|0|0
andalucia|cordoba|Villanueva del Rey|PP|127|37.46
andalucia|cordoba|Villanueva del Rey|PSOE|122|35.98
andalucia|cordoba|Villanueva del Rey|VOX|51|15.04
andalucia|cordoba|Villanueva del Rey|SUMAR|4|1.17
andalucia|cordoba|Villanueva del Rey|PODEMOS|10|2.94
andalucia|cordoba|Villaralto|FO|1|0.19
andalucia|cordoba|Villaralto|AGRUPACIÓN DE ELECTORES SE ACABÓ LA FIESTA|8|1.53
andalucia|cordoba|Villaralto|IZQESP|0|0
andalucia|cordoba|Villaralto|PP|203|38.96
andalucia|cordoba|Villaralto|PSOE|220|42.22
andalucia|cordoba|Villaralto|VOX|19|3.64
andalucia|cordoba|Villaralto|SUMAR|42|8.06
andalucia|cordoba|Villaralto|PODEMOS|10|1.91
andalucia|cordoba|Villaviciosa de Córdoba|FO|2|0.17
andalucia|cordoba|Villaviciosa de Córdoba|AGRUPACIÓN DE ELECTORES SE ACABÓ LA FIESTA|38|3.33
andalucia|cordoba|Villaviciosa de Córdoba|IZQESP|3|0.26
andalucia|cordoba|Villaviciosa de Córdoba|PP|298|26.16
andalucia|cordoba|Villaviciosa de Córdoba|PSOE|512|44.95
andalucia|cordoba|Villaviciosa de Córdoba|VOX|173|15.18
andalucia|cordoba|Villaviciosa de Córdoba|SUMAR|49|4.3
andalucia|cordoba|Villaviciosa de Córdoba|PODEMOS|26|2.28
andalucia|cordoba|Zuheros|FO|3|1.02
andalucia|cordoba|Zuheros|AGRUPACIÓN DE ELECTORES SE ACABÓ LA FIESTA|6|2.04
andalucia|cordoba|Zuheros|IZQESP|0|0
andalucia|cordoba|Zuheros|PP|95|32.42
andalucia|cordoba|Zuheros|PSOE|140|47.78
andalucia|cordoba|Zuheros|VOX|16|5.46
andalucia|cordoba|Zuheros|SUMAR|12|4.09
andalucia|cordoba|Zuheros|PODEMOS|11|3.75